{"id": 1133160910015479809, "date": "2019-05-27", "time": "19:59:48", "tweet": "#mondaythoughts read a wife's story, based on 8 womens input, research &amp; storytelling PORTRAIT OF OUR MARRIAGE Online sex addiction drama \"The further in the book you get the more blatantly real it gets\" \"Written with raw honesty\" #Kindle  https://t.co/EvCYRj1wg7 #womensfiction  https://t.co/OlckXp0weu", "likes_count": 2, "replies_count": 0, "retweets_count": 2, "hashtags": ["mondaythoughts", "kindle", "womensfiction"]}
{"id": 1133160866755547136, "date": "2019-05-27", "time": "19:59:38", "tweet": "@GerbiezSM64 does that monitor have input lag", "likes_count": 1, "replies_count": 1, "retweets_count": 0, "hashtags": []}
{"id": 1133160849109991424, "date": "2019-05-27", "time": "19:59:34", "tweet": "7/n: When we analyze responses to pulsatile Msn2 input, some genes behave as we might expect: positive-memory between pulses. But quite surprisingly, for SIP18-D6, we see a dynamic switch from positive to negative memory between pulses depending on pulse interval duration.  https://t.co/iAVezQCTMT", "likes_count": 1, "replies_count": 1, "retweets_count": 1, "hashtags": []}
{"id": 1133160736556015616, "date": "2019-05-27", "time": "19:59:07", "tweet": "#Travel provides new input for all of your senses.... https://t.co/hQ6bt7xaRW", "likes_count": 0, "replies_count": 0, "retweets_count": 1, "hashtags": ["travel"]}
{"id": 1133160558327410689, "date": "2019-05-27", "time": "19:58:24", "tweet": "PSA: This is how you set up Steam Input for Epic Games Launcher  https://t.co/euGeu0iYt7  https://t.co/2KcUdvae2R", "likes_count": 1, "replies_count": 0, "retweets_count": 0, "hashtags": []}
{"id": 1133160296929996801, "date": "2019-05-27", "time": "19:57:22", "tweet": "@katiechopin @MPullano16 @samikborchalli I need all the input I can get!!! I‚Äôm very on the fence about this matter.", "likes_count": 0, "replies_count": 1, "retweets_count": 0, "hashtags": []}
{"id": 1133160205846401024, "date": "2019-05-27", "time": "19:57:00", "tweet": "6/n: We also see distinct manifestations depending on TF/Msn2 dynamic context at the single-cell level: some promoters go from low-&gt;high-&gt;low noise with increasing TF input.   https://t.co/wdKnzLWjHa  https://t.co/cfSP7dj0VJ", "likes_count": 2, "replies_count": 2, "retweets_count": 1, "hashtags": []}
{"id": 1133159945241677824, "date": "2019-05-27", "time": "19:55:58", "tweet": "@Deathwalker4679 Interesting input, I believe that dwarves actually don‚Äôt poop. I mean look at Lord of the Rings, where‚Äôs all the toilets?? Strange isn‚Äôt it, small people just don‚Äôt poop it‚Äôs the only answer", "likes_count": 0, "replies_count": 1, "retweets_count": 0, "hashtags": []}
{"id": 1133159901717417984, "date": "2019-05-27", "time": "19:55:48", "tweet": "@talkingkoala @AlboMP @Greens @GreensTamara Did you see Morning Breakfast ABC today? Good iv re fixing or alleviating problems. Eg Social Housing, Developers' Input +. Didn't get most of it. Getting grandchildren off to school. ü§ó", "likes_count": 1, "replies_count": 0, "retweets_count": 0, "hashtags": []}
{"id": 1133159708443914246, "date": "2019-05-27", "time": "19:55:02", "tweet": "5/n: We expect faster ON-OFF switching kinetics w higher Msn2 input. But for SIP18, we see \"U-shaped\" relationship (fast-&gt;slow-&gt;fast) with increasing Msn2 Amp. This is tunable with just a few promoter mutations. I.e. promoters adopt distinct manifestations depending on TF context  https://t.co/pvdMA52RxE", "likes_count": 1, "replies_count": 1, "retweets_count": 1, "hashtags": []}
{"id": 1133159630249418753, "date": "2019-05-27", "time": "19:54:43", "tweet": "@Boo_Rad13y @RCNiceVEVO *INPUT INTENSE METAL ROCK MUSIC", "likes_count": 1, "replies_count": 0, "retweets_count": 0, "hashtags": []}
{"id": 1133159607478759426, "date": "2019-05-27", "time": "19:54:38", "tweet": "@JeffQuibell @iwantgossip97 @Strandjunker @BarackObama @realDonaldTrump The statute plainly says that the Secretary shall produce the records upon request to the committee. The only input the taxpayer has is allowing the records to be reviewed in public rather than closed committee. And there is nothing in the Constitution requiring proof.", "likes_count": 0, "replies_count": 1, "retweets_count": 0, "hashtags": []}
{"id": 1133159523743670274, "date": "2019-05-27", "time": "19:54:18", "tweet": "Sorry. I‚Äôve been away for a while. Back now though for you all. 2 and 3 year old demanding development, training and a little bit of philosophy. Isn‚Äôt it amazing how a young child‚Äôs brain is so susceptible to input. So innocent. I do hope I am able to deliver.", "likes_count": 1, "replies_count": 0, "retweets_count": 6, "hashtags": []}
{"id": 1133159523731091462, "date": "2019-05-27", "time": "19:54:18", "tweet": "PSA: This is how you set up Steam Input for Epic Games Launcher  https://t.co/IT3IAEgCQ9", "likes_count": 2, "replies_count": 0, "retweets_count": 0, "hashtags": []}
{"id": 1133159460317421568, "date": "2019-05-27", "time": "19:54:03", "tweet": "@noctarius2k @plex Was pleasantly surprised to find an open HDMI port, and moreover one not crippled by some sort of input blocking", "likes_count": 1, "replies_count": 1, "retweets_count": 0, "hashtags": []}
{"id": 1133159423751335936, "date": "2019-05-27", "time": "19:53:54", "tweet": "Farmbot aims to help by improving the water usage and awareness - the key input in all production. #knowyourwater", "likes_count": 3, "replies_count": 0, "retweets_count": 0, "hashtags": ["knowyourwater"]}
{"id": 1133159384387903488, "date": "2019-05-27", "time": "19:53:44", "tweet": "@computerfact ls - list files ld- no input files", "likes_count": 0, "replies_count": 0, "retweets_count": 0, "hashtags": []}
{"id": 1133159197288218624, "date": "2019-05-27", "time": "19:53:00", "tweet": "@ShakeBackSlim It will! Thank you for your input üôåüèΩ", "likes_count": 0, "replies_count": 1, "retweets_count": 0, "hashtags": []}
{"id": 1133158698753384456, "date": "2019-05-27", "time": "19:51:01", "tweet": "@dcislamabad Glad to hear that public consultation is taking place which is a key for infrastructure development. It's their money&amp;they have every right to give input on matters directly affecting them. Economic woes aside, face of public services is definitely changing in Pak. @ImranKhanPTI", "likes_count": 1, "replies_count": 0, "retweets_count": 0, "hashtags": []}
{"id": 1133158692222844929, "date": "2019-05-27", "time": "19:50:59", "tweet": "@Nachos711 @OldTakesExposed @LRiddickESPN @diannaESPN Really?  Your input is correcting grammar?  Be right back on that note.", "likes_count": 0, "replies_count": 0, "retweets_count": 0, "hashtags": []}
{"id": 1133158620307177472, "date": "2019-05-27", "time": "19:50:42", "tweet": "Also @coffey_z @RedZoneRogue and @CheshirePlays As we all seem to be in the deck tech game I'd really REALLY like some input from you guys especially!", "likes_count": 3, "replies_count": 4, "retweets_count": 0, "hashtags": []}
{"id": 1133158581916901377, "date": "2019-05-27", "time": "19:50:33", "tweet": "@aa_miller @SamGyimah The queen summons the prime minister every week - and your telling me she has absolutely no input or at any point can alter policies?   What could the primeminister do? She is operating the queens power, with the queens consent.. wrong?", "likes_count": 0, "replies_count": 0, "retweets_count": 0, "hashtags": []}
{"id": 1133158489193213952, "date": "2019-05-27", "time": "19:50:11", "tweet": "4/n E.g. at low Amp Msn2 input, time to activate DDR2 increases with pulse length without strongly changing the active duration while the max txn rate ~constant. But at high Msn2 Amp, time to activate is fixed at ~5 min, but now the max txn rate increases with pulse duration  https://t.co/oJ9nlYH10b", "likes_count": 1, "replies_count": 1, "retweets_count": 1, "hashtags": []}
{"id": 1133158460378505216, "date": "2019-05-27", "time": "19:50:04", "tweet": "Push To Overhaul How Laws Are Made. 'Half-baked policies': Push for public input on contentious NSW laws -  https://t.co/vUjPwsXMbq @AlexSmithSMH  #frontpagestoday #Australia #TheSydneyMorningHerald #buyapaper  https://t.co/5HvPPT5fqa", "likes_count": 0, "replies_count": 0, "retweets_count": 1, "hashtags": ["frontpagestoday", "australia", "thesydneymorningherald", "buyapaper"]}
{"id": 1133158445786501121, "date": "2019-05-27", "time": "19:50:01", "tweet": "Merge:Multi Image text input Twitter.  https://t.co/pBDrlaQEeo", "likes_count": 0, "replies_count": 0, "retweets_count": 0, "hashtags": []}
{"id": 1133158426652102656, "date": "2019-05-27", "time": "19:49:56", "tweet": "@PerBylund Agreed, that is why Voice of Customer research is non-negotiable input for when market signals are dampened by exogenous forces (i.e. the Fed).", "likes_count": 1, "replies_count": 0, "retweets_count": 0, "hashtags": []}
{"id": 1133158152654868480, "date": "2019-05-27", "time": "19:48:51", "tweet": " https://t.co/YQDIR0m48g  With apologies to @TolarianCollege  I just think the Mono Green one was an interesting Challenge. @weirdcards @OathbreakerJosh @medina_mtg @everett_brogen   Any input?", "likes_count": 6, "replies_count": 3, "retweets_count": 2, "hashtags": []}
{"id": 1133157893774237696, "date": "2019-05-27", "time": "19:47:49", "tweet": "News article: Province seeking public input for improving the Forest and Range Practices Act:  https://t.co/HwFeaIUrWj", "likes_count": 0, "replies_count": 0, "retweets_count": 0, "hashtags": []}
{"id": 1133157858411917312, "date": "2019-05-27", "time": "19:47:41", "tweet": "@soniccitrush my entire arms are freckled I have no input", "likes_count": 1, "replies_count": 0, "retweets_count": 0, "hashtags": []}
{"id": 1133157596783890432, "date": "2019-05-27", "time": "19:46:38", "tweet": "@BUxTU_BigHit shocks !! i actually just remembered that this morning .. jin has an input on that day at the notes .. haha   were sharing the same brain cells .. haha", "likes_count": 0, "replies_count": 0, "retweets_count": 0, "hashtags": []}
{"id": 1133157516546904067, "date": "2019-05-27", "time": "19:46:19", "tweet": "WSF Kindly Using My Photo To Show Changes Made Based on Public Input, my new picture on #Flickr  https://t.co/PRnBRy3KmV #Photography  https://t.co/WtLBbRJsj5", "likes_count": 0, "replies_count": 0, "retweets_count": 0, "hashtags": ["flickr", "photography"]}
{"id": 1133157478831673351, "date": "2019-05-27", "time": "19:46:10", "tweet": "@SSBUNews ADD AN OPTION TO TURN OFF INPUT BUFFER", "likes_count": 0, "replies_count": 0, "retweets_count": 0, "hashtags": []}
{"id": 1133157445910638595, "date": "2019-05-27", "time": "19:46:02", "tweet": "The iPad pro with instant power on, long battery life, with an amazing connectivity and responsive pen input has made it a very powerful for my digital workflow. I hope that the future release of iOS will improve the multitasking experience because this deviced is very capable.", "likes_count": 0, "replies_count": 0, "retweets_count": 0, "hashtags": []}
{"id": 1133157371298099200, "date": "2019-05-27", "time": "19:45:45", "tweet": "@adultery77 @avatardracul The most difficult part of elasticsearch is making sure nobody can pass bad calls to it. But if you're not scrubbing input already, uh, should be doing that anyhow.", "likes_count": 0, "replies_count": 0, "retweets_count": 0, "hashtags": []}
{"id": 1133157261809815552, "date": "2019-05-27", "time": "19:45:18", "tweet": "@TheRedGaze @Sno_Dub @AngusReviews @LonelyBanter @NerdyBlurbTV @FatalJayShow @EnterHacker @mbwalkerwrites @Merryb2184 @Drunk3P0 @starwars_rhodes @Tauriel29698979 @BeardyViews @JohnTaks The Last Jedi being the sore thumb of a studio not listening to the fans, I think most studios already do a good job of listening to viewer input.", "likes_count": 1, "replies_count": 1, "retweets_count": 0, "hashtags": []}
{"id": 1133157206440988673, "date": "2019-05-27", "time": "19:45:05", "tweet": "I am exploring the idea that mental health issues are the result of 'unprocessed mental energy'. A traffic jam of mental impulses, whereby the last 'data input' further obscures the first.  A pile up of mental &amp; sensory inputs, that becomes more unclear &amp; vague as time passes.  https://t.co/txefWDtEBc", "likes_count": 2, "replies_count": 0, "retweets_count": 1, "hashtags": []}
{"id": 1133157082020995072, "date": "2019-05-27", "time": "19:44:36", "tweet": "P0108 FORD - Manifold Absolute Pressure/Barometric Pressure Sensor High Input  https://t.co/PBgFngKTJc #autocodes", "likes_count": 0, "replies_count": 0, "retweets_count": 0, "hashtags": ["autocodes"]}
{"id": 1133156934322987008, "date": "2019-05-27", "time": "19:44:00", "tweet": "@FakingDancy @QuancyClayborne A few of the people I follow have right leaning respondents.  They may comment on my input from time to time.  If they‚Äôre abusive I block them, otherwise I may interact if it‚Äôs an interesting dialogue.", "likes_count": 1, "replies_count": 1, "retweets_count": 0, "hashtags": []}
{"id": 1133156893323452416, "date": "2019-05-27", "time": "19:43:51", "tweet": "3/n: Previously, we showed that different promoters fall into different classes (fast vs. slow to activate; low vs. high threshold of Msn2 to activate). Surprisingly, we  found that a single promoter can behave as different classes depending on TF input  https://t.co/wdKnzLWjHa  https://t.co/gDaC44ltpZ", "likes_count": 2, "replies_count": 1, "retweets_count": 1, "hashtags": []}
{"id": 1133156863158247425, "date": "2019-05-27", "time": "19:43:43", "tweet": "Money Cube - An APP which will help you get MONEY for free. Input my invite code ‚ù§8ARHY‚ù§ after installation, and you will get 1000 Clicks. Download link:  https://t.co/IBhCzEAiYA", "likes_count": 0, "replies_count": 0, "retweets_count": 0, "hashtags": []}
{"id": 1133156775409139716, "date": "2019-05-27", "time": "19:43:22", "tweet": "Province's Bill 108 changes 13 planning, housing and environmental statutes across Ontario. Returning to adversarial planning, creating unrealistic timelines, and  preventing growth paying for growth will not help us plan for the future. Add your input  https://t.co/hZKFsmOYDi  https://t.co/TCVmQnrLF5", "likes_count": 22, "replies_count": 0, "retweets_count": 15, "hashtags": []}
{"id": 1133156770074058752, "date": "2019-05-27", "time": "19:43:21", "tweet": "@TheRedFisher1 Hi Scott, thank you so much for your input and sharing what you do to help settle your anxiety. I'm doing a Part 2, which will look at what a person can do to help themselves. I will include being in nature. Take care.", "likes_count": 1, "replies_count": 1, "retweets_count": 0, "hashtags": []}
{"id": 1133156716550459392, "date": "2019-05-27", "time": "19:43:08", "tweet": "thanks for the input guys it was really helpful  https://t.co/KS2plXuWd5", "likes_count": 0, "replies_count": 0, "retweets_count": 0, "hashtags": []}
{"id": 1133156260029722624, "date": "2019-05-27", "time": "19:41:20", "tweet": "2/n: We used a large dataset of different yeast promoters exposed to different dynamical patterns of TF (Msn2) input. We then applied a new inference method, which allowed us to reconstruct promoter switching dynamics: txn rate, ON/OFF times, txn rate etc.  https://t.co/wdKnzLWjHa  https://t.co/Mf13HshmS8", "likes_count": 3, "replies_count": 1, "retweets_count": 2, "hashtags": []}
{"id": 1133156132057489408, "date": "2019-05-27", "time": "19:40:49", "tweet": "I don‚Äôt care abt yalls input I just wanted to post my pic and go tbh", "likes_count": 15, "replies_count": 3, "retweets_count": 0, "hashtags": []}
{"id": 1133156039615012864, "date": "2019-05-27", "time": "19:40:27", "tweet": "Last valid input: 2019-05-28 08:40:19.655758 Temperature: 30.00 C Humidity: 42.00 %", "likes_count": 0, "replies_count": 0, "retweets_count": 0, "hashtags": []}
{"id": 1133155920547000321, "date": "2019-05-27", "time": "19:39:59", "tweet": "@kerryeggers @BeaverBaseball @OSUCoachYeskie Nice article, Kerry! I like that Nate and Bailes are taking precautions, and still giving the pitching staff input into their decisions! We all know when our bodies hurt, and need to let coaches and others know when we‚Äôre not able to produce!", "likes_count": 2, "replies_count": 0, "retweets_count": 0, "hashtags": []}
{"id": 1133155790062280705, "date": "2019-05-27", "time": "19:39:28", "tweet": "@ATTCares  Hello. We have Uverse. I can't get a signal and every light on my cable box is lit up. Won't go off when I hit reset. Screen says No Signal, try another input. I tried, and nothing. I thought the box was bad, so I replaced my box with one from kitchen, did same thing?", "likes_count": 0, "replies_count": 0, "retweets_count": 0, "hashtags": []}
{"id": 1133155718092054528, "date": "2019-05-27", "time": "19:39:10", "tweet": "„ÇÇ„ÅóÁµ±‰∏Ä„Éâ„Ç§„ÉÑ„Åå„ÄåÂÖ®ÂõΩÊ∞ë„ÅåÂèó„ÅëÂÖ•„Çå„Çâ„Çå„Çã„Çà„ÅÜ„Å™ÂõΩÊ≠å„Äç„Çí‰Ωú„Çã„Åì„Å®„Å´ÊàêÂäü„Åó„Åü„Çâ„ÄÅÂÉï„ÅØËÄÉ„Åà„ÇíÊîπ„ÇÅ„Å™„ÅÑ„Å®„ÅÑ„Åë„Å™„ÅÑ „ÅÑ„Å§„Åæ„Åß„Éï„Ç°„Ç∑„Ç∫„É†„ÇÑ„Å£„Å¶„Çã„Çì„Å†Ôºü„Å®„ÅÑ„ÅÜËÄÉ„Åà„Çí  ÁÑ¶ÁÇπÔºöÊñ∞„Åü„Å™„Éâ„Ç§„ÉÑÂõΩÊ≠åÊ°à„ÅßË¶ã„Åà„ÅüÂàÜÊñ≠„ÄÅÊóßÊù±Áã¨Â∏ÇÊ∞ë„ÅÆÁñéÂ§ñÊÑü | Article [AMP] | Reuters  https://t.co/UIerqusRxQ", "likes_count": 0, "replies_count": 0, "retweets_count": 0, "hashtags": []}
{"id": 1133155717924442115, "date": "2019-05-27", "time": "19:39:10", "tweet": "@toooraaay i appreciate the input bc i legit don‚Äôt know ü§†", "likes_count": 1, "replies_count": 1, "retweets_count": 0, "hashtags": []}
{"id": 1133155525150089217, "date": "2019-05-27", "time": "19:38:24", "tweet": "@s_black @Weiss_NW @GregLinnelli @Erik_Erlendsson I‚Äôll jump in here to give my input - I think the team needs something so the locker room FEELS different than last year. Otherwise, how do the players deal with the regular season? Any success is tainted, any failure is magnified.", "likes_count": 1, "replies_count": 1, "retweets_count": 0, "hashtags": []}
{"id": 1133155516887195649, "date": "2019-05-27", "time": "19:38:22", "tweet": "@TheDCTVshow The NTG1 doesn't have any internal batteries, it needs phantom power to run. I don't believe the H1N has an XLR input, so it won't be compatible.", "likes_count": 0, "replies_count": 1, "retweets_count": 0, "hashtags": []}
{"id": 1133155495529910273, "date": "2019-05-27", "time": "19:38:17", "tweet": "wow thanks for all ur input", "likes_count": 0, "replies_count": 0, "retweets_count": 0, "hashtags": []}
{"id": 1133155464647127040, "date": "2019-05-27", "time": "19:38:10", "tweet": "You wouldn't think that US domestic machinery plants would have higher input costs due to tariffs when China is paying for the tariffs.......", "likes_count": 13, "replies_count": 0, "retweets_count": 0, "hashtags": []}
{"id": 1133155462298390538, "date": "2019-05-27", "time": "19:38:09", "tweet": "@FarzaTV Ok this but unironically.  You don't even need machine learning. Just parse Spotify playlists and connect common title keywords like \"Feel Good\" or \"Sad\"  Can incorporate a compass chart input from users to tailor the playlist from  https://t.co/oP33GeGPkI", "likes_count": 1, "replies_count": 1, "retweets_count": 0, "hashtags": []}
{"id": 1133155385538437120, "date": "2019-05-27", "time": "19:37:51", "tweet": "Idk what‚Äôs wrong with people but I sure didn‚Äôt ask for her input ü§∑üèæ‚Äç‚ôÄÔ∏è", "likes_count": 1, "replies_count": 0, "retweets_count": 0, "hashtags": []}
{"id": 1133155355486240768, "date": "2019-05-27", "time": "19:37:44", "tweet": "Me: \"Ok. Cool. Thanks for the input. (796)", "likes_count": 0, "replies_count": 1, "retweets_count": 0, "hashtags": []}
{"id": 1133155343851302913, "date": "2019-05-27", "time": "19:37:41", "tweet": "@StarbucksCanada today I went to the new Starbucks location at 450 Yonge Street, Toronto. It still doesn't scan. It has to be input manually. When she selected the product, the register indicated a completely different product and tried to charge $3.25. still not fixed! :-(", "likes_count": 0, "replies_count": 0, "retweets_count": 0, "hashtags": []}
{"id": 1133155190918352896, "date": "2019-05-27", "time": "19:37:05", "tweet": "@yohjistan So, you're going to look incredible either way. That's it, that's all the input I have.", "likes_count": 1, "replies_count": 0, "retweets_count": 0, "hashtags": []}
{"id": 1133154655016345600, "date": "2019-05-27", "time": "19:34:57", "tweet": "I'm playing games on iWalletApp and it's so much fun! You can earn money as well playing game. Download it, input the refer code B3N8PDH to get free cash. #iWallet  https://t.co/SLVeWomIq5", "likes_count": 0, "replies_count": 0, "retweets_count": 0, "hashtags": ["iwallet"]}
